method,split,difficulty,run,NE,SR,OSR,nDTW,SPL
Random,Validation-Seen,Easy,1,269.53354807107775,0.6982922473538652,1.640050572317178,28.426696251726494,0.548086645938621
Random,Validation-Seen,Easy,2,265.6975300835027,0.3938930876979744,2.1082916971523114,28.366292754869864,0.7207993206818192
Random,Validation-Seen,Easy,3,267.0641083334563,0.4242569524122568,2.2508892149587365,28.329674093935132,0.12313588605217674
Random,Validation-Seen,Easy,4,270.7827029928478,0.694013585845149,1.1519234477976066,28.091937286455703,0.40355902211315886
Random,Validation-Seen,Easy,5,269.4221105191154,0.7895441266907546,1.8488450677741681,28.28539961301281,0.2044191252142243
Random,Validation-Seen,Normal,1,307.46746770056296,0,1.1413546351658868,19.667197949859567,0
Random,Validation-Seen,Normal,2,309.03330076796834,0,0.8777884126901876,19.963127090212186,0
Random,Validation-Seen,Normal,3,306.4718758256338,0,0.4695566842662806,20.331892095483585,0
Random,Validation-Seen,Normal,4,309.8951875360771,0,0.43094787183975225,19.74194299989253,0
Random,Validation-Seen,Normal,5,310.6321681697581,0,1.080352396037893,20.295839864552136,0
Random,Validation-Seen,Hard,1,398.46343158183106,0,0.4498337771792631,11.794533052088624,0
Random,Validation-Seen,Hard,2,402.12349486286155,0,0.17666856008520837,12.823041328911778,0
Random,Validation-Seen,Hard,3,397.98743310173376,0,0.03985863296594455,11.762449199736565,0
Random,Validation-Seen,Hard,4,396.4864847139446,0,0.23340407721873185,12.247085490462233,0
Random,Validation-Seen,Hard,5,399.43915573962886,0,0.10023495255085207,11.872890928800798,0
Seq2Seq-VG,Validation-Seen,Easy,1,207.37636734666538,0.9004653007422053,5.407004171754616,30.208117364774512,1.2631944581805232
Seq2Seq-VG,Validation-Seen,Easy,2,206.02330343022274,1.2477592541526734,5.510668100694864,30.071696919919034,0.9020264611874326
Seq2Seq-VG,Validation-Seen,Easy,3,203.72428856056345,1.2419314911513046,5.410301611385278,30.209963266740385,1.446149522911631
Seq2Seq-VG,Validation-Seen,Easy,4,203.2998633555839,1.3310727087821919,5.232720722816428,30.068679512306247,0.5597856024819567
Seq2Seq-VG,Validation-Seen,Easy,5,208.5761773069646,1.2787712451716244,5.439305393348816,29.94154293625983,0.32884395523845633
Seq2Seq-VG,Validation-Seen,Normal,1,253.25756658316539,0.11911448211987286,3.11573733298538,20.85195463191212,0.4485205897283477
Seq2Seq-VG,Validation-Seen,Normal,2,251.19352120633044,0.2942359435221825,3.0157015611207885,20.470149340075054,0.5403929800986054
Seq2Seq-VG,Validation-Seen,Normal,3,252.27215560485732,1.1331074385343074,3.3389142444496267,21.376395930150803,0.29839360049313346
Seq2Seq-VG,Validation-Seen,Normal,4,252.2674617275852,0.7557862799832697,2.8650185082747703,20.68664957023383,0.023605454504233403
Seq2Seq-VG,Validation-Seen,Normal,5,249.00929487806164,0.19775585584036753,2.164628353169436,21.61485052762821,0.18908737517568036
Seq2Seq-VG,Validation-Seen,Hard,1,307.2072758963039,0.35400655010810234,0.7550807443871248,12.026436136537878,0.39264484841622393
Seq2Seq-VG,Validation-Seen,Hard,2,306.4353216797406,0.04130909138322616,0.8666100749430544,11.669295114858954,0.04396797666760705
Seq2Seq-VG,Validation-Seen,Hard,3,305.34531563069714,0.010346741831466916,0.8110745706894018,11.666701795894973,0.025873697151621744
Seq2Seq-VG,Validation-Seen,Hard,4,308.56721971315176,0.030714179173299327,1.0210321683729546,11.75975504194182,0.01550229170543102
Seq2Seq-VG,Validation-Seen,Hard,5,309.4448670801066,0.06362343750390533,1.5462024416074645,11.877811910766376,0.02201118605911624
CMA-VG,Validation-Seen,Easy,1,170.6204692198278,2.1223310452244806,7.7580960019461065,35.044079891668375,0.6745149462993469
CMA-VG,Validation-Seen,Easy,2,171.0147207575451,1.91815996757459,7.149789089318718,34.274394595476494,1.4257824563252453
CMA-VG,Validation-Seen,Easy,3,170.45426472063062,1.6720605670054827,8.190171723996304,34.14176662319196,1.661564394059823
CMA-VG,Validation-Seen,Easy,4,172.22686049097152,1.892861016317566,7.596144160999893,34.30595394916388,1.513538720622434
CMA-VG,Validation-Seen,Easy,5,166.6836848110248,1.89458740387788,7.3057990237389765,34.7338049404993,1.224599482693151
CMA-VG,Validation-Seen,Normal,1,213.81701325265513,0.9636505303472891,4.24830332826423,25.150803604206978,0.6021473295167754
CMA-VG,Validation-Seen,Normal,2,211.660233947253,0.7615332365527323,5.119229225204355,25.004426785222247,0.3734414282122097
CMA-VG,Validation-Seen,Normal,3,211.48121999559535,1.1116772920704299,4.055006627847766,25.26815845886742,0.7748216047976033
CMA-VG,Validation-Seen,Normal,4,214.1718048031252,0.7776783506624263,4.195940001391693,25.277567772138838,0.8469697159007982
CMA-VG,Validation-Seen,Normal,5,208.36972800137136,0.8854605903671225,3.8815208172919546,25.299043379564516,0.4026199215726133
CMA-VG,Validation-Seen,Hard,1,262.4384400312835,0.06258605190885647,1.7347507783301923,15.87483075443054,0.0007516661103699612
CMA-VG,Validation-Seen,Hard,2,261.9180390614555,0.4727071951340578,2.296766974585487,16.115211100699735,0.014565323451396231
CMA-VG,Validation-Seen,Hard,3,261.4282621811559,0.06976338500015558,1.4908621754710134,16.07030005850798,0.026916334655649993
CMA-VG,Validation-Seen,Hard,4,258.3852693407938,0.30273707580848286,2.4060997499610397,15.846970141031328,0.02046041423489013
CMA-VG,Validation-Seen,Hard,5,262.32998938531136,0.09220629214844736,1.5715203216522666,16.592687945330425,0.4373062615476937
LAG-VG,Validation-Seen,Easy,1,119.20717324070395,2.8783664557348194,7.357087046695419,29.9479096534013,2.032784198257483
LAG-VG,Validation-Seen,Easy,2,119.40042340467383,2.690926499532255,7.739682446587591,29.3587868672778,1.7607346446589751
LAG-VG,Validation-Seen,Easy,3,118.59271189207898,2.946093127914765,8.038870313221489,29.890776172798358,1.95354190151585
LAG-VG,Validation-Seen,Easy,4,114.90885457981425,2.6910799144142854,7.918474825138881,29.976298805287556,2.0711616843688163
LAG-VG,Validation-Seen,Easy,5,121.390836882729,2.7935340024038746,7.945885368356621,29.326228501234983,1.6817775711988752
LAG-VG,Validation-Seen,Normal,1,157.6515025986984,1.8529410412911793,5.1105331739572355,20.57344011203671,0.8141810039551208
LAG-VG,Validation-Seen,Normal,2,154.70167179303198,1.3661663887030167,4.561777287838384,19.99584474706932,1.239908690371533
LAG-VG,Validation-Seen,Normal,3,153.8256196269699,1.3280610453555528,4.254853025422944,20.25878141854194,1.2645773930246067
LAG-VG,Validation-Seen,Normal,4,153.6989111650112,1.7338932699388305,4.566326072598229,20.637526782871817,0.9584882427153258
LAG-VG,Validation-Seen,Normal,5,154.6222948162884,1.218938254711421,4.506510440183209,20.534406939480206,0.7228446699334137
LAG-VG,Validation-Seen,Hard,1,204.76798945240748,0.15216625771724546,1.8581081559938304,12.595113866157558,0.2634531681923465
LAG-VG,Validation-Seen,Hard,2,204.29779754745383,0.3879857181221329,2.073606319611188,12.270890791790942,0.3084773751636608
LAG-VG,Validation-Seen,Hard,3,200.5638724967743,0.3193222699788421,1.8502702148409087,13.358643229567074,0.46111387192249254
LAG-VG,Validation-Seen,Hard,4,205.22635495595028,1.1906871750326862,2.011089225383386,12.776056522630565,0.33544735789950014
LAG-VG,Validation-Seen,Hard,5,203.14398554741405,0.4498385791490932,1.7069260841706868,12.49929558985386,0.13150822682200003
VoLN-MLLM,Validation-Seen,Easy,1,91.2784501509727,8.681204091955983,13.5274623340905,54.79027832236338,6.759141051862411
VoLN-MLLM,Validation-Seen,Easy,2,92.83939766179047,8.784288551084385,13.206796539885369,54.593111713165925,6.236374440769392
VoLN-MLLM,Validation-Seen,Easy,3,90.73944277840758,8.837568390690446,13.431062876228804,54.321858246874385,6.417559982766192
VoLN-MLLM,Validation-Seen,Easy,4,93.60243726103285,8.581792836171582,13.510938581085368,55.4176402235269,6.538913343566569
VoLN-MLLM,Validation-Seen,Easy,5,93.54027214779643,8.615146130097601,13.323739668709962,54.877111494069425,6.548011181035435
VoLN-MLLM,Validation-Seen,Normal,1,127.88975044496125,5.225274232991318,10.726760266695674,41.23652801646364,3.9797200578296703
VoLN-MLLM,Validation-Seen,Normal,2,123.91338906424251,5.386728290137896,10.857144185285808,40.45952139375439,3.327537345417579
VoLN-MLLM,Validation-Seen,Normal,3,127.39283666548508,5.420727736230661,10.227362215782806,40.49768689102976,4.02601446502487
VoLN-MLLM,Validation-Seen,Normal,4,128.92808187660665,5.495098042514065,10.82025850296906,41.22111481826886,3.8048329194477897
VoLN-MLLM,Validation-Seen,Normal,5,125.87594194870456,5.472171698126059,10.36847482926665,41.08514888048335,3.8618952122800896
VoLN-MLLM,Validation-Seen,Hard,1,168.80951662200164,2.0729282724391576,3.985900657086254,25.81298720098934,1.7896987096156438
VoLN-MLLM,Validation-Seen,Hard,2,171.9106456747687,2.1765822700223594,4.028901419471727,25.240671987138015,1.521222401713063
VoLN-MLLM,Validation-Seen,Hard,3,170.55295958588653,2.3928914217130806,3.975402674125553,26.23056923393967,0.9080360910418974
VoLN-MLLM,Validation-Seen,Hard,4,174.39911062215074,1.6604960998911684,4.321132377033761,25.17351469690274,1.6461213449478296
VoLN-MLLM,Validation-Seen,Hard,5,171.8277674951924,2.1971019359342345,4.188662872282703,26.042256881030237,1.1349214526815656
Random,Test-Unseen,Easy,1,272.24589191820564,0.30653828659192983,1.36698804912681,30.15346512113248,0.8066115299025345
Random,Test-Unseen,Easy,2,270.5651354981341,0.33173745023972684,1.6764855335514053,30.215619114042717,0.1275259845254611
Random,Test-Unseen,Easy,3,266.42808057554464,0.7853708725769539,1.3043972428767066,29.97803823008109,0.49161895054306465
Random,Test-Unseen,Easy,4,270.4033785052575,0.27975809920792033,1.2123339880941142,30.504470449663252,0.06715238811957494
Random,Test-Unseen,Easy,5,270.8575135028583,0.2965952913834692,1.4397951863509635,29.648407085080454,0.007091146909364687
Random,Test-Unseen,Normal,1,309.0510326258312,0,0.33652607717721994,22.387243564361697,0
Random,Test-Unseen,Normal,2,311.77874144161683,0,0.6011472858492749,23.086412940592123,0
Random,Test-Unseen,Normal,3,308.4122906356083,0,0.4830586757274963,22.529117037204355,0
Random,Test-Unseen,Normal,4,312.2693457267212,0,0.616807517306146,22.462179194908224,0
Random,Test-Unseen,Normal,5,310.48858957022225,0,0.9624604439398626,23.035047262933602,0
Random,Test-Unseen,Hard,1,398.7674472969217,0,0.18043310650788888,15.58936670946213,0
Random,Test-Unseen,Hard,2,393.24641477699794,0,0.10777730423244662,15.340301768449674,0
Random,Test-Unseen,Hard,3,394.674362515117,0,0.2311477404858762,14.538133623996123,0
Random,Test-Unseen,Hard,4,394.4037407707369,0,0.386698011628436,15.113938317864717,0
Random,Test-Unseen,Hard,5,394.90803464022645,0,0.0939438371453524,14.918259580227357,0
Seq2Seq-VG,Test-Unseen,Easy,1,208.12116609495715,0.9932703232743428,5.435245292467817,28.6674004561025,0.6179271965538059
Seq2Seq-VG,Test-Unseen,Easy,2,209.23716260916177,1.2416266593841225,4.572855188943553,29.1084868776554,0.6126678304713511
Seq2Seq-VG,Test-Unseen,Easy,3,210.38294205711546,1.1964544562930617,4.855162044373809,28.820025598104667,0.7693080866184921
Seq2Seq-VG,Test-Unseen,Easy,4,208.12109391860088,0.6234493476203603,4.894163110247718,29.11724657718509,1.1351107927323874
Seq2Seq-VG,Test-Unseen,Easy,5,207.13763532016472,0.9451992134281126,4.2425743639671065,28.786840490952336,0.364986093623963
Seq2Seq-VG,Test-Unseen,Normal,1,252.4296932244223,0.17125202872444767,2.4465335331203666,21.298672230404925,0.00532065331298931
Seq2Seq-VG,Test-Unseen,Normal,2,254.8641648701106,0.29824352801356896,2.3666207608447203,21.938276116259196,0.06644811345285931
Seq2Seq-VG,Test-Unseen,Normal,3,254.21258493247555,1.0898220097240519,2.572285192061831,20.998724684820456,1.0600569724741018
Seq2Seq-VG,Test-Unseen,Normal,4,256.01692718795664,0.42222085208706417,2.772222615521693,21.807563719141157,0.2242086442584593
Seq2Seq-VG,Test-Unseen,Normal,5,256.47662978503496,0.018461581450867404,2.3423378984513876,20.956763249374255,0.14396561650159043
Seq2Seq-VG,Test-Unseen,Hard,1,310.2329099183778,0.035665880247674336,1.1384536853816694,12.9916859022781,0
Seq2Seq-VG,Test-Unseen,Hard,2,312.8680486607392,0.014229748380381935,0.8588560534890349,12.70378511850355,0
Seq2Seq-VG,Test-Unseen,Hard,3,309.67147599123933,0.37137075022423105,0.8782132304486385,13.240453329072173,0
Seq2Seq-VG,Test-Unseen,Hard,4,308.91981551652634,0.025838066222869854,0.9250792240617193,12.807248921070181,0
Seq2Seq-VG,Test-Unseen,Hard,5,307.80774991311716,0.052895554924842846,0.6993978066189381,13.256826729075998,0
CMA-VG,Test-Unseen,Easy,1,172.43420602671912,1.7006569090830712,6.483564192366902,33.155425153882426,0.7398402832667232
CMA-VG,Test-Unseen,Easy,2,176.92146776903024,1.5541285772132951,6.674141744273517,33.39595804557319,1.1844584910662077
CMA-VG,Test-Unseen,Easy,3,176.41703153329044,1.389813694187267,6.044653974306147,33.34064386259366,1.1127021622419009
CMA-VG,Test-Unseen,Easy,4,172.70488286766752,1.7134859735789987,6.707291297978437,33.065495778843065,1.5797329604251105
CMA-VG,Test-Unseen,Easy,5,174.02241180329267,1.6419148459373685,6.590348791074995,33.042477159107676,0.8832661030000584
CMA-VG,Test-Unseen,Normal,1,215.1387390342653,0.4075044730125363,4.275882812991992,26.283390684314586,0.9239433077046347
CMA-VG,Test-Unseen,Normal,2,217.83772985154062,1.182683842751092,3.7991178374223447,26.267071401145422,0.4164360728749713
CMA-VG,Test-Unseen,Normal,3,218.61525412938153,1.0405783956533075,4.401184517609896,26.52458606696557,0.5895521691564619
CMA-VG,Test-Unseen,Normal,4,215.13197233608295,0.8751418561338057,3.72703431283554,26.653399504573873,0.49617254598694144
CMA-VG,Test-Unseen,Normal,5,217.27630464872965,0.49409143244925935,3.296780519140227,26.271552343000543,0.5738959042769906
CMA-VG,Test-Unseen,Hard,1,267.0385322530708,0.24166467155428167,1.6296230294009058,18.303542133435965,0.06707459137798755
CMA-VG,Test-Unseen,Hard,2,263.9421351907751,0.3569569945522192,1.3001174699356666,18.739347178632947,0.08206299398450964
CMA-VG,Test-Unseen,Hard,3,264.1537271093679,0.23721974609955476,2.110587196476859,18.24004432461633,0.30229601797784
CMA-VG,Test-Unseen,Hard,4,267.14417900429464,0.09643408666524633,1.9080969331151696,18.683442744751403,0.03566090133239576
CMA-VG,Test-Unseen,Hard,5,268.2214264424917,0.0677245011286981,1.5515753710713989,18.53362361856335,0.012905495327266994
LAG-VG,Test-Unseen,Easy,1,122.09818987009923,2.315493163914881,6.423631710919808,28.365780507981857,1.7182340361869546
LAG-VG,Test-Unseen,Easy,2,120.97660463262838,2.174858821125333,6.334389868789924,28.60829921314109,1.603985035349347
LAG-VG,Test-Unseen,Easy,3,123.08729946089737,2.530270949269406,6.994315047871729,27.882129336902963,1.0289168932880974
LAG-VG,Test-Unseen,Easy,4,121.00876587859132,2.352930139907388,5.902523283250376,28.144605529397563,1.8489601822716635
LAG-VG,Test-Unseen,Easy,5,124.82914015778371,2.126446925782991,6.345140089168165,27.499185412576537,1.2999038529039377
LAG-VG,Test-Unseen,Normal,1,159.8777539822017,1.5452884102492646,3.8773171506632393,20.452137505914123,0.7403113409688062
LAG-VG,Test-Unseen,Normal,2,159.59663024301727,0.9988035925012275,4.381246093691626,20.508036119538183,0.8481752823736182
LAG-VG,Test-Unseen,Normal,3,158.45935462818466,1.3235220593428694,3.1469333616830504,20.857407976078395,0.5686618352285977
LAG-VG,Test-Unseen,Normal,4,157.1479279362342,1.3655124436114627,3.92429451314517,20.3662932652872,0.7589208224788999
LAG-VG,Test-Unseen,Normal,5,156.41833321036222,0.766873494295176,3.6702088808169133,20.316125133182098,0.5839307189500779
LAG-VG,Test-Unseen,Hard,1,205.46421093666703,0.3839904328828813,2.0592306162625555,14.445972026434092,0.32760718476724937
LAG-VG,Test-Unseen,Hard,2,205.52394874103726,0.25469508778155403,1.7467080904640344,13.739213116469953,0.3640260281837322
LAG-VG,Test-Unseen,Hard,3,205.62241391962644,0.39847939482396244,1.3649913684902522,14.104096632569018,0.1400141171716312
LAG-VG,Test-Unseen,Hard,4,207.81240343078292,0.40342588015676567,1.7265345728605956,13.600139344364857,0.11544588485062411
LAG-VG,Test-Unseen,Hard,5,209.0770229718864,0.5594092043548367,1.6025353519225618,14.11057888016208,0.05290678502676305
VoLN-MLLM,Test-Unseen,Easy,1,95.83130524382935,7.562289174642784,14.562453121844781,52.90848968872815,5.76855307277102
VoLN-MLLM,Test-Unseen,Easy,2,99.34021338524629,7.9212660201090435,14.670940668009969,53.83797017833725,5.848418673544753
VoLN-MLLM,Test-Unseen,Easy,3,96.34121055087546,6.770895556613912,14.490615057488828,52.83451055980698,5.764645633855846
VoLN-MLLM,Test-Unseen,Easy,4,99.3891387019945,7.280116206711737,14.51437718871336,52.646323193746724,5.558460140217012
VoLN-MLLM,Test-Unseen,Easy,5,94.59813211805437,7.465433041922526,14.76161396394307,53.27270637938089,5.5599224796113695
VoLN-MLLM,Test-Unseen,Normal,1,131.43425639908082,4.1110877119520035,9.500631870455155,41.490903404658425,3.018819597441085
VoLN-MLLM,Test-Unseen,Normal,2,133.52701960567794,4.129797318373421,9.982418602483113,41.44883651832277,3.6742409280707107
VoLN-MLLM,Test-Unseen,Normal,3,131.25755074116674,4.9447686071652255,10.084188063191101,40.96614561517786,2.5889984671407693
VoLN-MLLM,Test-Unseen,Normal,4,131.25917166133274,4.820489314305337,10.795949882110632,41.128929526218954,2.983497026755566
VoLN-MLLM,Test-Unseen,Normal,5,129.5220015927418,4.4938570482040125,10.136811581759998,40.965184935622005,3.7344439805918697
VoLN-MLLM,Test-Unseen,Hard,1,175.50941630922335,2.052743897079817,4.343525921155615,28.02893933864508,1.3977612167462594
VoLN-MLLM,Test-Unseen,Hard,2,177.64474315620325,1.9896592913541282,4.421107384731388,27.982832158257903,2.034076249138783
VoLN-MLLM,Test-Unseen,Hard,3,177.19959461703795,1.7001690690999873,4.44390196882827,27.960099116342768,1.4039565403931205
VoLN-MLLM,Test-Unseen,Hard,4,174.1927329281808,1.409970166585234,4.684979605146716,28.229390447366377,0.8031719451456686
VoLN-MLLM,Test-Unseen,Hard,5,179.4535129893547,1.8474575758808331,4.606485120138011,27.79873893938787,0.8610340485761677
